name,state,county_seat
ABBEVILLE,SC,
ACADIA,LA,
ACCOMACK,VA,
ADA,ID,
ADAIR,KY,
ADAIR,IA,
ADAIR,OK,
ADAIR,MO,
ADAMS,MS,
ADAMS,ND,
ADAMS,WA,
ADAMS,IN,
ADAMS,WI,
ADAMS,ID,
ADAMS,IL,
ADAMS,CO,
ADAMS,NE,
ADAMS,IA,
ADAMS,OH,
ADAMS,PA,
ADDISON,VT,
AIKEN,SC,
AITKIN,MN,
ALACHUA,FL,
ALAMANCE,NC,
ALAMEDA,CA,
ALAMOSA,CO,
ALBANY,WY,
ALBANY,NY,
ALBEMARLE,VA,
ALCONA,MI,
ALCORN,MS,
ALEUTIANS EAST,AK,
ALEUTIANS WEST,AK,
ALEXANDER,NC,
ALEXANDER,IL,
ALEXANDRIA CITY,VA,
ALFALFA,OK,
ALGER,MI,
ALLAMAKEE,IA,
ALLEGAN,MI,
ALLEGANY,MD,
ALLEGANY,NY,
ALLEGHANY,NC,
ALLEGHANY,VA,
ALLEGHENY,PA,
ALLEN,OH,
ALLEN,LA,
ALLEN,IN,
ALLEN,KS,
ALLEN,KY,
ALLENDALE,SC,
ALPENA,MI,
ALPINE,CA,
AMADOR,CA,
AMELIA,VA,
AMHERST,VA,
AMITE,MS,
ANCHORAGE,AK,
ANDERSON,KS,
ANDERSON,KY,
ANDERSON,SC,
ANDERSON,TN,
ANDERSON,TX,
ANDREW,MO,
ANDREWS,TX,
ANDROSCOGGIN,ME,
ANGELINA,TX,
ANNE ARUNDEL,MD,
ANOKA,MN,
ANSON,NC,
ANTELOPE,NE,
ANTRIM,MI,
APACHE,AZ,
APPANOOSE,IA,
APPLING,GA,
APPOMATTOX,VA,
ARANSAS,TX,
ARAPAHOE,CO,
ARCHER,TX,
ARCHULETA,CO,
ARENAC,MI,
ARKANSAS,AR,
ARLINGTON,VA,
ARMSTRONG,TX,
ARMSTRONG,PA,
AROOSTOOK,ME,
ARTHUR,NE,
ASCENSION,LA,
ASHE,NC,
ASHLAND,WI,
ASHLAND,OH,
ASHLEY,AR,
ASHTABULA,OH,
ASOTIN,WA,
ASSUMPTION,LA,
ATASCOSA,TX,
ATCHISON,KS,
ATCHISON,MO,
ATHENS,OH,
ATKINSON,GA,
ATLANTIC,NJ,
ATOKA,OK,
ATTALA,MS,
AUDRAIN,MO,
AUDUBON,IA,
AUGLAIZE,OH,
AUGUSTA,VA,
AURORA,SD,
AUSTIN,TX,
AUTAUGA,AL,
AVERY,NC,
AVOYELLES,LA,
BACA,CO,
BACON,GA,
BAILEY,TX,
BAKER,FL,
BAKER,OR,
BAKER,GA,
BALDWIN,AL,
BALDWIN,GA,
BALLARD,KY,
BALTIMORE,MD,
BALTIMORE CITY,MD,
BAMBERG,SC,
BANDERA,TX,
BANKS,GA,
BANNER,NE,
BANNOCK,ID,
BARAGA,MI,
BARBER,KS,
BARBOUR,AL,
BARBOUR,WV,
BARNES,ND,
BARNSTABLE,MA,
BARNWELL,SC,
BARREN,KY,
BARRON,WI,
BARROW,GA,
BARRY,MO,
BARRY,MI,
BARTHOLOMEW,IN,
BARTON,MO,
BARTON,KS,
BARTOW,GA,
BASTROP,TX,
BATES,MO,
BATH,KY,
BATH,VA,
BAXTER,AR,
BAY,FL,
BAY,MI,
BAYFIELD,WI,
BAYLOR,TX,
BEADLE,SD,
BEAR LAKE,ID,
BEAUFORT,SC,
BEAUFORT,NC,
BEAUREGARD,LA,
BEAVER,UT,
BEAVER,OK,
BEAVER,PA,
BEAVERHEAD,MT,
BECKER,MN,
BECKHAM,OK,
BEDFORD,VA,
BEDFORD,TN,
BEDFORD,PA,
BEDFORD CITY,VA,
BEE,TX,
BELKNAP,NH,
BELL,TX,
BELL,KY,
BELMONT,OH,
BELTRAMI,MN,
BEN HILL,GA,
BENEWAH,ID,
BENNETT,SD,
BENNINGTON,VT,
BENSON,ND,
BENT,CO,
BENTON,IA,
BENTON,MO,
BENTON,WA,
BENTON,IN,
BENTON,AR,
BENTON,MN,
BENTON,TN,
BENTON,MS,
BENTON,OR,
BENZIE,MI,
BERGEN,NJ,
BERKELEY,SC,
BERKELEY,WV,
BERKS,PA,
BERKSHIRE,MA,
BERNALILLO,NM,
BERRIEN,MI,
BERRIEN,GA,
BERTIE,NC,
BETHEL,AK,
BEXAR,TX,
BIBB,AL,
BIBB,GA,
BIENVILLE,LA,
BIG HORN,WY,
BIG HORN,MT,
BIG STONE,MN,
BILLINGS,ND,
BINGHAM,ID,
BLACK HAWK,IA,
BLACKFORD,IN,
BLADEN,NC,
BLAINE,ID,
BLAINE,MT,
BLAINE,OK,
BLAINE,NE,
BLAIR,PA,
BLANCO,TX,
BLAND,VA,
BLECKLEY,GA,
BLEDSOE,TN,
BLOUNT,AL,
BLOUNT,TN,
BLUE EARTH,MN,
BOISE,ID,
BOLIVAR,MS,
BOLLINGER,MO,
BON HOMME,SD,
BOND,IL,
BONNER,ID,
BONNEVILLE,ID,
BOONE,IN,
BOONE,MO,
BOONE,IA,
BOONE,KY,
BOONE,IL,
BOONE,AR,
BOONE,WV,
BOONE,NE,
BORDEN,TX,
BOSQUE,TX,
BOSSIER,LA,
BOTETOURT,VA,
BOTTINEAU,ND,
BOULDER,CO,
BOUNDARY,ID,
BOURBON,KS,
BOURBON,KY,
BOWIE,TX,
BOWMAN,ND,
BOX BUTTE,NE,
BOX ELDER,UT,
BOYD,KY,
BOYD,NE,
BOYLE,KY,
BRACKEN,KY,
BRADFORD,FL,
BRADFORD,PA,
BRADLEY,AR,
BRADLEY,TN,
BRANCH,MI,
BRANTLEY,GA,
BRAXTON,WV,
BRAZORIA,TX,
BRAZOS,TX,
BREATHITT,KY,
BRECKINRIDGE,KY,
BREMER,IA,
BREVARD,FL,
BREWSTER,TX,
BRISCOE,TX,
BRISTOL,VA,
BRISTOL,MA,
BRISTOL,RI,
BRISTOL BAY,AK,
BROADWATER,MT,
BRONX,NY,
BROOKE,WV,
BROOKINGS,SD,
BROOKS,TX,
BROOKS,GA,
BROOME,NY,
BROWARD,FL,
BROWN,TX,
BROWN,IN,
BROWN,WI,
BROWN,KS,
BROWN,MN,
BROWN,IL,
BROWN,SD,
BROWN,OH,
BROWN,NE,
BRULE,SD,
BRUNSWICK,NC,
BRUNSWICK,VA,
BRYAN,OK,
BRYAN,GA,
BUCHANAN,VA,
BUCHANAN,IA,
BUCHANAN,MO,
BUCKINGHAM,VA,
BUCKS,PA,
BUENA VISTA,IA,
BUENA VISTA CITY,VA,
BUFFALO,WI,
BUFFALO,NE,
BUFFALO,SD,
BULLITT,KY,
BULLOCH,GA,
BULLOCK,AL,
BUNCOMBE,NC,
BUREAU,IL,
BURKE,ND,
BURKE,NC,
BURKE,GA,
BURLEIGH,ND,
BURLESON,TX,
BURLINGTON,NJ,
BURNET,TX,
BURNETT,WI,
BURT,NE,
BUTLER,KS,
BUTLER,AL,
BUTLER,KY,
BUTLER,NE,
BUTLER,PA,
BUTLER,IA,
BUTLER,MO,
BUTLER,OH,
BUTTE,ID,
BUTTE,CA,
BUTTE,SD,
BUTTS,GA,
CABARRUS,NC,
CABELL,WV,
CACHE,UT,
CADDO,LA,
CADDO,OK,
CALAVERAS,CA,
CALCASIEU,LA,
CALDWELL,MO,
CALDWELL,NC,
CALDWELL,LA,
CALDWELL,TX,
CALDWELL,KY,
CALEDONIA,VT,
CALHOUN,FL,
CALHOUN,GA,
CALHOUN,SC,
CALHOUN,AR,
CALHOUN,TX,
CALHOUN,AL,
CALHOUN,MI,
CALHOUN,IL,
CALHOUN,WV,
CALHOUN,IA,
CALHOUN,MS,
CALLAHAN,TX,
CALLAWAY,MO,
CALLOWAY,KY,
CALUMET,WI,
CALVERT,MD,
CAMAS,ID,
CAMBRIA,PA,
CAMDEN,NC,
CAMDEN,MO,
CAMDEN,NJ,
CAMDEN,GA,
CAMERON,LA,
CAMERON,TX,
CAMERON,PA,
CAMP,TX,
CAMPBELL,WY,
CAMPBELL,KY,
CAMPBELL,VA,
CAMPBELL,TN,
CAMPBELL,SD,
CANADIAN,OK,
CANDLER,GA,
CANNON,TN,
CANYON,ID,
CAPE GIRARDEAU,MO,
CAPE MAY,NJ,
CARBON,WY,
CARBON,MT,
CARBON,UT,
CARBON,PA,
CARIBOU,ID,
CARLISLE,KY,
CARLTON,MN,
CAROLINE,MD,
CAROLINE,VA,
CARROLL,MD,
CARROLL,IN,
CARROLL,NH,
CARROLL,KY,
CARROLL,IL,
CARROLL,AR,
CARROLL,GA,
CARROLL,VA,
CARROLL,TN,
CARROLL,IA,
CARROLL,OH,
CARROLL,MS,
CARROLL,MO,
CARSON,TX,
CARSON CITY,NV,
CARTER,MT,
CARTER,KY,
CARTER,OK,
CARTER,TN,
CARTER,MO,
CARTERET,NC,
CARVER,MN,
CASCADE,MT,
CASEY,KY,
CASS,IN,
CASS,MI,
CASS,MN,
CASS,NE,
CASS,IL,
CASS,IA,
CASS,TX,
CASS,MO,
CASS,ND,
CASSIA,ID,
CASTRO,TX,
CASWELL,NC,
CATAHOULA,LA,
CATAWBA,NC,
CATOOSA,GA,
CATRON,NM,
CATTARAUGUS,NY,
CAVALIER,ND,
CAYUGA,NY,
CECIL,MD,
CEDAR,MO,
CEDAR,IA,
CEDAR,NE,
CENTRE,PA,
CERRO GORDO,IA,
CHAFFEE,CO,
CHAMBERS,TX,
CHAMBERS,AL,
CHAMPAIGN,IL,
CHAMPAIGN,OH,
CHARITON,MO,
CHARLES,MD,
CHARLES CITY,VA,
CHARLES MIX,SD,
CHARLESTON,SC,
CHARLEVOIX,MI,
CHARLOTTE,FL,
CHARLOTTE,VA,
CHARLOTTESVILLE CITY,VA,
CHARLTON,GA,
CHASE,KS,
CHASE,NE,
CHATHAM,GA,
CHATHAM,NC,
CHATTAHOOCHEE,GA,
CHATTOOGA,GA,
CHAUTAUQUA,KS,
CHAUTAUQUA,NY,
CHAVES,NM,
CHEATHAM,TN,
CHEBOYGAN,MI,
CHELAN,WA,
CHEMUNG,NY,
CHENANGO,NY,
CHEROKEE,NC,
CHEROKEE,KS,
CHEROKEE,SC,
CHEROKEE,AL,
CHEROKEE,GA,
CHEROKEE,OK,
CHEROKEE,TX,
CHEROKEE,IA,
CHERRY,NE,
CHESAPEAKE CITY,VA,
CHESHIRE,NH,
CHESTER,PA,
CHESTER,SC,
CHESTER,TN,
CHESTERFIELD,SC,
CHESTERFIELD,VA,
CHEYENNE,KS,
CHEYENNE,CO,
CHEYENNE,NE,
CHICKASAW,IA,
CHICKASAW,MS,
CHICOT,AR,
CHILDRESS,TX,
CHILTON,AL,
CHIPPEWA,WI,
CHIPPEWA,MN,
CHIPPEWA,MI,
CHISAGO,MN,
CHITTENDEN,VT,
CHOCTAW,MS,
CHOCTAW,AL,
CHOCTAW,OK,
CHOUTEAU,MT,
CHOWAN,NC,
CHRISTIAN,MO,
CHRISTIAN,IL,
CHRISTIAN,KY,
CHURCHILL,NV,
CIBOLA,NM,
CIMARRON,OK,
CITRUS,FL,
CLACKAMAS,OR,
CLAIBORNE,MS,
CLAIBORNE,LA,
CLAIBORNE,TN,
CLALLAM,WA,
CLARE,MI,
CLARENDON,SC,
CLARION,PA,
CLARK,WA,
CLARK,ID,
CLARK,IN,
CLARK,WI,
CLARK,AR,
CLARK,KY,
CLARK,KS,
CLARK,NV,
CLARK,IL,
CLARK,OH,
CLARK,SD,
CLARK,MO,
CLARKE,MS,
CLARKE,VA,
CLARKE,AL,
CLARKE,GA,
CLARKE,IA,
CLATSOP,OR,
CLAY,TX,
CLAY,MS,
CLAY,GA,
CLAY,NC,
CLAY,AL,
CLAY,IN,
CLAY,KY,
CLAY,AR,
CLAY,KS,
CLAY,MN,
CLAY,IL,
CLAY,WV,
CLAY,NE,
CLAY,SD,
CLAY,TN,
CLAY,MO,
CLAY,IA,
CLAY,FL,
CLAYTON,IA,
CLAYTON,GA,
CLEAR CREEK,CO,
CLEARFIELD,PA,
CLEARWATER,ID,
CLEARWATER,MN,
CLEBURNE,AR,
CLEBURNE,AL,
CLERMONT,OH,
CLEVELAND,NC,
CLEVELAND,AR,
CLEVELAND,OK,
CLIFTON FORGE CITY,VA,
CLINCH,GA,
CLINTON,IA,
CLINTON,IN,
CLINTON,MI,
CLINTON,IL,
CLINTON,KY,
CLINTON,NY,
CLINTON,PA,
CLINTON,OH,
CLINTON,MO,
CLOUD,KS,
COAHOMA,MS,
COAL,OK,
COBB,GA,
COCHISE,AZ,
COCHRAN,TX,
COCKE,TN,
COCONINO,AZ,
CODINGTON,SD,
COFFEE,AL,
COFFEE,TN,
COFFEE,GA,
COFFEY,KS,
COKE,TX,
COLBERT,AL,
COLE,MO,
COLEMAN,TX,
COLES,IL,
COLFAX,NM,
COLFAX,NE,
COLLETON,SC,
COLLIER,FL,
COLLIN,TX,
COLLINGSWORTH,TX,
COLONIAL HEIGHTS CITY,VA,
COLORADO,TX,
COLQUITT,GA,
COLUMBIA,FL,
COLUMBIA,WA,
COLUMBIA,WI,
COLUMBIA,AR,
COLUMBIA,NY,
COLUMBIA,GA,
COLUMBIA,OR,
COLUMBIA,PA,
COLUMBIANA,OH,
COLUMBUS,NC,
COLUSA,CA,
COMAL,TX,
COMANCHE,TX,
COMANCHE,KS,
COMANCHE,OK,
CONCHO,TX,
CONCORDIA,LA,
CONECUH,AL,
CONEJOS,CO,
CONTRA COSTA,CA,
CONVERSE,WY,
CONWAY,AR,
COOK,IL,
COOK,MN,
COOK,GA,
COOKE,TX,
COOPER,MO,
COOS,NH,
COOS,OR,
COOSA,AL,
COPIAH,MS,
CORSON,SD,
CORTLAND,NY,
CORYELL,TX,
COSHOCTON,OH,
COSTILLA,CO,
COTTLE,TX,
COTTON,OK,
COTTONWOOD,MN,
COVINGTON,MS,
COVINGTON,AL,
COVINGTON CITY,VA,
COWETA,GA,
COWLEY,KS,
COWLITZ,WA,
CRAIG,VA,
CRAIG,OK,
CRAIGHEAD,AR,
CRANE,TX,
CRAVEN,NC,
CRAWFORD,MO,
CRAWFORD,WI,
CRAWFORD,IN,
CRAWFORD,KS,
CRAWFORD,AR,
CRAWFORD,IL,
CRAWFORD,MI,
CRAWFORD,GA,
CRAWFORD,PA,
CRAWFORD,OH,
CRAWFORD,IA,
CREEK,OK,
CRENSHAW,AL,
CRISP,GA,
CRITTENDEN,AR,
CRITTENDEN,KY,
CROCKETT,TX,
CROCKETT,TN,
CROOK,WY,
CROOK,OR,
CROSBY,TX,
CROSS,AR,
CROW WING,MN,
CROWLEY,CO,
CULBERSON,TX,
CULLMAN,AL,
CULPEPER,VA,
CUMBERLAND,NC,
CUMBERLAND,VA,
CUMBERLAND,ME,
CUMBERLAND,NJ,
CUMBERLAND,IL,
CUMBERLAND,KY,
CUMBERLAND,TN,
CUMBERLAND,PA,
CUMING,NE,
CURRITUCK,NC,
CURRY,NM,
CURRY,OR,
CUSTER,ID,
CUSTER,MT,
CUSTER,OK,
CUSTER,NE,
CUSTER,SD,
CUSTER,CO,
CUYAHOGA,OH,
DADE,MO,
DADE,GA,
DAGGETT,UT,
DAKOTA,MN,
DAKOTA,NE,
DALE,AL,
DALLAM,TX,
DALLAS,MO,
DALLAS,AR,
DALLAS,AL,
DALLAS,IA,
DALLAS,TX,
DANE,WI,
DANIELS,MT,
DANVILLE CITY,VA,
DARE,NC,
DARKE,OH,
DARLINGTON,SC,
DAUPHIN,PA,
DAVIDSON,TN,
DAVIDSON,NC,
DAVIE,NC,
DAVIESS,IN,
DAVIESS,KY,
DAVIESS,MO,
DAVIS,IA,
DAVIS,UT,
DAVISON,SD,
DAWES,NE,
DAWSON,MT,
DAWSON,GA,
DAWSON,TX,
DAWSON,NE,
DAY,SD,
DE BACA,NM,
DE KALB,IN,
DE KALB,AL,
DE KALB,IL,
DE SOTO,LA,
DE SOTO,FL,
DE SOTO,MS,
DE WITT,TX,
DEAF SMITH,TX,
DEARBORN,IN,
DECATUR,IN,
DECATUR,KS,
DECATUR,IA,
DECATUR,TN,
DECATUR,GA,
DEER LODGE,MT,
DEFIANCE,OH,
DEKALB,GA,
DEKALB,TN,
DEKALB,MO,
DEL NORTE,CA,
DELAWARE,PA,
DELAWARE,IN,
DELAWARE,NY,
DELAWARE,OH,
DELAWARE,OK,
DELAWARE,IA,
DELTA,CO,
DELTA,MI,
DELTA,TX,
DENALI,AK,
DENT,MO,
DENTON,TX,
DENVER,CO,
DES MOINES,IA,
DESCHUTES,OR,
DESHA,AR,
DEUEL,SD,
DEUEL,NE,
DEWEY,OK,
DEWEY,SD,
DEWITT,IL,
DICKENS,TX,
DICKENSON,VA,
DICKEY,ND,
DICKINSON,KS,
DICKINSON,MI,
DICKINSON,IA,
DICKSON,TN,
DILLINGHAM,AK,
DILLON,SC,
DIMMIT,TX,
DINWIDDIE,VA,
DISTRICT OF COLUMBIA,DC,
DIVIDE,ND,
DIXIE,FL,
DIXON,NE,
DODDRIDGE,WV,
DODGE,WI,
DODGE,MN,
DODGE,NE,
DODGE,GA,
DOLORES,CO,
DONA ANA,NM,
DONIPHAN,KS,
DONLEY,TX,
DOOLY,GA,
DOOR,WI,
DORCHESTER,MD,
DORCHESTER,SC,
DOUGHERTY,GA,
DOUGLAS,WA,
DOUGLAS,MO,
DOUGLAS,KS,
DOUGLAS,WI,
DOUGLAS,GA,
DOUGLAS,IL,
DOUGLAS,MN,
DOUGLAS,NV,
DOUGLAS,NE,
DOUGLAS,SD,
DOUGLAS,CO,
DOUGLAS,OR,
DREW,AR,
DU PAGE,IL,
DUBOIS,IN,
DUBUQUE,IA,
DUCHESNE,UT,
DUKES,MA,
DUNDY,NE,
DUNKLIN,MO,
DUNN,ND,
DUNN,WI,
DUPLIN,NC,
DURHAM,NC,
DUTCHESS,NY,
DUVAL,FL,
DUVAL,TX,
DYER,TN,
EAGLE,CO,
EARLY,GA,
EAST BATON ROUGE,LA,
EAST CARROLL,LA,
EAST FELICIANA,LA,
EASTLAND,TX,
EATON,MI,
EAU CLAIRE,WI,
ECHOLS,GA,
ECTOR,TX,
EDDY,ND,
EDDY,NM,
EDGAR,IL,
EDGECOMBE,NC,
EDGEFIELD,SC,
EDMONSON,KY,
EDMUNDS,SD,
EDWARDS,TX,
EDWARDS,KS,
EDWARDS,IL,
EFFINGHAM,IL,
EFFINGHAM,GA,
EL DORADO,CA,
EL PASO,TX,
EL PASO,CO,
ELBERT,GA,
ELBERT,CO,
ELK,KS,
ELK,PA,
ELKHART,IN,
ELKO,NV,
ELLIOTT,KY,
ELLIS,KS,
ELLIS,OK,
ELLIS,TX,
ELLSWORTH,KS,
ELMORE,ID,
ELMORE,AL,
EMANUEL,GA,
EMERY,UT,
EMMET,MI,
EMMET,IA,
EMMONS,ND,
EMPORIA CITY,VA,
ERATH,TX,
ERIE,NY,
ERIE,OH,
ERIE,PA,
ESCAMBIA,FL,
ESCAMBIA,AL,
ESMERALDA,NV,
ESSEX,VA,
ESSEX,MA,
ESSEX,VT,
ESSEX,NJ,
ESSEX,NY,
ESTILL,KY,
ETOWAH,AL,
EUREKA,NV,
EVANGELINE,LA,
EVANS,GA,
FAIRBANKS NORTH STAR,AK,
FAIRFAX,VA,
FAIRFAX CITY,VA,
FAIRFIELD,SC,
FAIRFIELD,CT,
FAIRFIELD,OH,
FALL RIVER,SD,
FALLON,MT,
FALLS,TX,
FALLS CHURCH CITY,VA,
FANNIN,GA,
FANNIN,TX,
FARIBAULT,MN,
FAULK,SD,
FAULKNER,AR,
FAUQUIER,VA,
FAYETTE,IN,
FAYETTE,GA,
FAYETTE,AL,
FAYETTE,KY,
FAYETTE,TX,
FAYETTE,IL,
FAYETTE,WV,
FAYETTE,OH,
FAYETTE,TN,
FAYETTE,PA,
FAYETTE,IA,
FENTRESS,TN,
FERGUS,MT,
FERRY,WA,
FILLMORE,MN,
FILLMORE,NE,
FINNEY,KS,
FISHER,TX,
FLAGLER,FL,
FLATHEAD,MT,
FLEMING,KY,
FLORENCE,WI,
FLORENCE,SC,
FLOYD,IN,
FLOYD,GA,
FLOYD,VA,
FLOYD,KY,
FLOYD,TX,
FLOYD,IA,
FLUVANNA,VA,
FOARD,TX,
FOND DU LAC,WI,
FORD,IL,
FORD,KS,
FOREST,WI,
FOREST,PA,
FORREST,MS,
FORSYTH,GA,
FORSYTH,NC,
FORT BEND,TX,
FOSTER,ND,
FOUNTAIN,IN,
FRANKLIN,IA,
FRANKLIN,FL,
FRANKLIN,MA,
FRANKLIN,WA,
FRANKLIN,LA,
FRANKLIN,MS,
FRANKLIN,ID,
FRANKLIN,IN,
FRANKLIN,KS,
FRANKLIN,AL,
FRANKLIN,ME,
FRANKLIN,KY,
FRANKLIN,VT,
FRANKLIN,VA,
FRANKLIN,AR,
FRANKLIN,GA,
FRANKLIN,TN,
FRANKLIN,NY,
FRANKLIN,IL,
FRANKLIN,OH,
FRANKLIN,MO,
FRANKLIN,NE,
FRANKLIN,TX,
FRANKLIN,NC,
FRANKLIN,PA,
FRANKLIN CITY,VA,
FREDERICK,MD,
FREDERICK,VA,
FREDERICKSBURG CITY,VA,
FREEBORN,MN,
FREESTONE,TX,
FREMONT,WY,
FREMONT,ID,
FREMONT,CO,
FREMONT,IA,
FRESNO,CA,
FRIO,TX,
FRONTIER,NE,
FULTON,IN,
FULTON,GA,
FULTON,AR,
FULTON,IL,
FULTON,KY,
FULTON,NY,
FULTON,OH,
FULTON,PA,
FURNAS,NE,
GADSDEN,FL,
GAGE,NE,
GAINES,TX,
GALAX CITY,VA,
GALLATIN,MT,
GALLATIN,KY,
GALLATIN,IL,
GALLIA,OH,
GALVESTON,TX,
GARDEN,NE,
GARFIELD,UT,
GARFIELD,CO,
GARFIELD,WA,
GARFIELD,MT,
GARFIELD,OK,
GARFIELD,NE,
GARLAND,AR,
GARRARD,KY,
GARRETT,MD,
GARVIN,OK,
GARZA,TX,
GASCONADE,MO,
GASTON,NC,
GATES,NC,
GEARY,KS,
GEAUGA,OH,
GEM,ID,
GENESEE,MI,
GENESEE,NY,
GENEVA,AL,
GENTRY,MO,
GEORGE,MS,
GEORGETOWN,SC,
GIBSON,IN,
GIBSON,TN,
GILA,AZ,
GILCHRIST,FL,
GILES,VA,
GILES,TN,
GILLESPIE,TX,
GILLIAM,OR,
GILMER,GA,
GILMER,WV,
GILPIN,CO,
GLACIER,MT,
GLADES,FL,
GLADWIN,MI,
GLASCOCK,GA,
GLASSCOCK,TX,
GLENN,CA,
GLOUCESTER,VA,
GLOUCESTER,NJ,
GLYNN,GA,
GOGEBIC,MI,
GOLDEN VALLEY,ND,
GOLDEN VALLEY,MT,
GOLIAD,TX,
GONZALES,TX,
GOOCHLAND,VA,
GOODHUE,MN,
GOODING,ID,
GORDON,GA,
GOSHEN,WY,
GOSPER,NE,
GOVE,KS,
GRADY,GA,
GRADY,OK,
GRAFTON,NH,
GRAHAM,NC,
GRAHAM,AZ,
GRAHAM,KS,
GRAINGER,TN,
GRAND,UT,
GRAND,CO,
GRAND FORKS,ND,
GRAND ISLE,VT,
GRAND TRAVERSE,MI,
GRANITE,MT,
GRANT,ND,
GRANT,WA,
GRANT,WI,
GRANT,IN,
GRANT,LA,
GRANT,AR,
GRANT,KY,
GRANT,NM,
GRANT,MN,
GRANT,KS,
GRANT,OK,
GRANT,SD,
GRANT,WV,
GRANT,NE,
GRANT,OR,
GRANVILLE,NC,
GRATIOT,MI,
GRAVES,KY,
GRAY,TX,
GRAY,KS,
GRAYS HARBOR,WA,
GRAYSON,KY,
GRAYSON,VA,
GRAYSON,TX,
GREELEY,KS,
GREELEY,NE,
GREEN,WI,
GREEN,KY,
GREEN LAKE,WI,
GREENBRIER,WV,
GREENE,MS,
GREENE,MO,
GREENE,VA,
GREENE,IN,
GREENE,AL,
GREENE,AR,
GREENE,IL,
GREENE,NY,
GREENE,TN,
GREENE,GA,
GREENE,IA,
GREENE,PA,
GREENE,OH,
GREENE,NC,
GREENLEE,AZ,
GREENSVILLE,VA,
GREENUP,KY,
GREENVILLE,SC,
GREENWOOD,KS,
GREENWOOD,SC,
GREER,OK,
GREGG,TX,
GREGORY,SD,
GRENADA,MS,
GRIGGS,ND,
GRIMES,TX,
GRUNDY,MO,
GRUNDY,IL,
GRUNDY,TN,
GRUNDY,IA,
GUADALUPE,TX,
GUADALUPE,NM,
GUERNSEY,OH,
GUILFORD,NC,
GULF,FL,
GUNNISON,CO,
GUTHRIE,IA,
GWINNETT,GA,
HAAKON,SD,
HABERSHAM,GA,
HAINES,AK,
HALE,AL,
HALE,TX,
HALIFAX,VA,
HALIFAX,NC,
HALL,GA,
HALL,TX,
HALL,NE,
HAMBLEN,TN,
HAMILTON,FL,
HAMILTON,IN,
HAMILTON,TX,
HAMILTON,KS,
HAMILTON,TN,
HAMILTON,NY,
HAMILTON,IL,
HAMILTON,IA,
HAMILTON,NE,
HAMILTON,OH,
HAMLIN,SD,
HAMPDEN,MA,
HAMPSHIRE,MA,
HAMPSHIRE,WV,
HAMPTON,SC,
HAMPTON CITY,VA,
HANCOCK,IN,
HANCOCK,MS,
HANCOCK,ME,
HANCOCK,IL,
HANCOCK,KY,
HANCOCK,TN,
HANCOCK,WV,
HANCOCK,GA,
HANCOCK,IA,
HANCOCK,OH,
HAND,SD,
HANOVER,VA,
HANSFORD,TX,
HANSON,SD,
HARALSON,GA,
HARDEE,FL,
HARDEMAN,TX,
HARDEMAN,TN,
HARDIN,TX,
HARDIN,KY,
HARDIN,IA,
HARDIN,IL,
HARDIN,OH,
HARDIN,TN,
HARDING,NM,
HARDING,SD,
HARDY,WV,
HARFORD,MD,
HARLAN,KY,
HARLAN,NE,
HARMON,OK,
HARNETT,NC,
HARNEY,OR,
HARPER,KS,
HARPER,OK,
HARRIS,TX,
HARRIS,GA,
HARRISON,MS,
HARRISON,IN,
HARRISON,KY,
HARRISON,WV,
HARRISON,OH,
HARRISON,TX,
HARRISON,MO,
HARRISON,IA,
HARRISONBURG CITY,VA,
HART,GA,
HART,KY,
HARTFORD,CT,
HARTLEY,TX,
HARVEY,KS,
HASKELL,TX,
HASKELL,KS,
HASKELL,OK,
HAWAII,HI,
HAWKINS,TN,
HAYES,NE,
HAYS,TX,
HAYWOOD,NC,
HAYWOOD,TN,
HEARD,GA,
HEMPHILL,TX,
HEMPSTEAD,AR,
HENDERSON,NC,
HENDERSON,IL,
HENDERSON,KY,
HENDERSON,TN,
HENDERSON,TX,
HENDRICKS,IN,
HENDRY,FL,
HENNEPIN,MN,
HENRICO,VA,
HENRY,MO,
HENRY,IA,
HENRY,IN,
HENRY,KY,
HENRY,AL,
HENRY,IL,
HENRY,VA,
HENRY,GA,
HENRY,TN,
HENRY,OH,
HERKIMER,NY,
HERNANDO,FL,
HERTFORD,NC,
HETTINGER,ND,
HICKMAN,TN,
HICKMAN,KY,
HICKORY,MO,
HIDALGO,TX,
HIDALGO,NM,
HIGHLAND,VA,
HIGHLAND,OH,
HIGHLANDS,FL,
HILL,TX,
HILL,MT,
HILLSBOROUGH,FL,
HILLSBOROUGH,NH,
HILLSDALE,MI,
HINDS,MS,
HINSDALE,CO,
HITCHCOCK,NE,
HOCKING,OH,
HOCKLEY,TX,
HODGEMAN,KS,
HOKE,NC,
HOLMES,FL,
HOLMES,OH,
HOLMES,MS,
HOLT,NE,
HOLT,MO,
HONOLULU,HI,
HOOD,TX,
HOOD RIVER,OR,
HOOKER,NE,
HOPEWELL CITY,VA,
HOPKINS,KY,
HOPKINS,TX,
HORRY,SC,
HOT SPRING,AR,
HOT SPRINGS,WY,
HOUGHTON,MI,
HOUSTON,AL,
HOUSTON,MN,
HOUSTON,TN,
HOUSTON,GA,
HOUSTON,TX,
HOWARD,MO,
HOWARD,MD,
HOWARD,IN,
HOWARD,AR,
HOWARD,TX,
HOWARD,NE,
HOWARD,IA,
HOWELL,MO,
HUBBARD,MN,
HUDSON,NJ,
HUDSPETH,TX,
HUERFANO,CO,
HUGHES,OK,
HUGHES,SD,
HUMBOLDT,NV,
HUMBOLDT,CA,
HUMBOLDT,IA,
HUMPHREYS,TN,
HUMPHREYS,MS,
HUNT,TX,
HUNTERDON,NJ,
HUNTINGDON,PA,
HUNTINGTON,IN,
HURON,MI,
HURON,OH,
HUTCHINSON,TX,
HUTCHINSON,SD,
HYDE,SD,
HYDE,NC,
IBERIA,LA,
IBERVILLE,LA,
IDA,IA,
IDAHO,ID,
IMPERIAL,CA,
INDEPENDENCE,AR,
INDIAN RIVER,FL,
INDIANA,PA,
INGHAM,MI,
INYO,CA,
IONIA,MI,
IOSCO,MI,
IOWA,IA,
IOWA,WI,
IREDELL,NC,
IRION,TX,
IRON,WI,
IRON,UT,
IRON,MI,
IRON,MO,
IROQUOIS,IL,
IRWIN,GA,
ISABELLA,MI,
ISANTI,MN,
ISLAND,WA,
ISLE OF WIGHT,VA,
ISSAQUENA,MS,
ITASCA,MN,
ITAWAMBA,MS,
IZARD,AR,
JACK,TX,
JACKSON,FL,
JACKSON,MS,
JACKSON,LA,
JACKSON,MO,
JACKSON,NC,
JACKSON,IN,
JACKSON,KS,
JACKSON,WI,
JACKSON,TX,
JACKSON,AR,
JACKSON,AL,
JACKSON,KY,
JACKSON,MN,
JACKSON,MI,
JACKSON,OK,
JACKSON,GA,
JACKSON,WV,
JACKSON,IL,
JACKSON,CO,
JACKSON,TN,
JACKSON,SD,
JACKSON,OR,
JACKSON,OH,
JACKSON,IA,
JAMES CITY,VA,
JASPER,MO,
JASPER,MS,
JASPER,IN,
JASPER,SC,
JASPER,GA,
JASPER,IL,
JASPER,IA,
JASPER,TX,
JAY,IN,
JEFF DAVIS,TX,
JEFF DAVIS,GA,
JEFFERSON,MS,
JEFFERSON,IA,
JEFFERSON,WA,
JEFFERSON,FL,
JEFFERSON,WI,
JEFFERSON,TX,
JEFFERSON,AR,
JEFFERSON,ID,
JEFFERSON,KS,
JEFFERSON,AL,
JEFFERSON,KY,
JEFFERSON,IN,
JEFFERSON,MT,
JEFFERSON,GA,
JEFFERSON,OK,
JEFFERSON,NE,
JEFFERSON,IL,
JEFFERSON,WV,
JEFFERSON,TN,
JEFFERSON,NY,
JEFFERSON,MO,
JEFFERSON,CO,
JEFFERSON,OH,
JEFFERSON,PA,
JEFFERSON,LA,
JEFFERSON,OR,
JEFFERSON DAVIS,LA,
JEFFERSON DAVIS,MS,
JENKINS,GA,
JENNINGS,IN,
JERAULD,SD,
JEROME,ID,
JERSEY,IL,
JESSAMINE,KY,
JEWELL,KS,
JIM HOGG,TX,
JIM WELLS,TX,
JO DAVIESS,IL,
JOHNSON,TX,
JOHNSON,IA,
JOHNSON,IN,
JOHNSON,WY,
JOHNSON,KS,
JOHNSON,KY,
JOHNSON,AR,
JOHNSON,TN,
JOHNSON,NE,
JOHNSON,IL,
JOHNSON,GA,
JOHNSON,MO,
JOHNSTON,OK,
JOHNSTON,NC,
JONES,IA,
JONES,MS,
JONES,NC,
JONES,TX,
JONES,GA,
JONES,SD,
JOSEPHINE,OR,
JUAB,UT,
JUDITH BASIN,MT,
JUNEAU,WI,
JUNEAU,AK,
JUNIATA,PA,
KALAMAZOO,MI,
KALKASKA,MI,
KANABEC,MN,
KANAWHA,WV,
KANDIYOHI,MN,
KANE,IL,
KANE,UT,
KANKAKEE,IL,
KARNES,TX,
KAUAI,HI,
KAUFMAN,TX,
KAY,OK,
KEARNEY,NE,
KEARNY,KS,
KEITH,NE,
KEMPER,MS,
KENAI PENINSULA,AK,
KENDALL,TX,
KENDALL,IL,
KENEDY,TX,
KENNEBEC,ME,
KENOSHA,WI,
KENT,DE,
KENT,MD,
KENT,RI,
KENT,MI,
KENT,TX,
KENTON,KY,
KEOKUK,IA,
KERN,CA,
KERR,TX,
KERSHAW,SC,
KETCHIKAN GATEWAY,AK,
KEWAUNEE,WI,
KEWEENAW,MI,
KEYA PAHA,NE,
KIDDER,ND,
KIMBALL,NE,
KIMBLE,TX,
KING,WA,
KING,TX,
KING AND QUEEN,VA,
KING GEORGE,VA,
KING WILLIAM,VA,
KINGFISHER,OK,
KINGMAN,KS,
KINGS,NY,
KINGS,CA,
KINGSBURY,SD,
KINNEY,TX,
KIOWA,KS,
KIOWA,OK,
KIOWA,CO,
KIT CARSON,CO,
KITSAP,WA,
KITTITAS,WA,
KITTSON,MN,
KLAMATH,OR,
KLEBERG,TX,
KLICKITAT,WA,
KNOTT,KY,
KNOX,TX,
KNOX,IN,
KNOX,ME,
KNOX,KY,
KNOX,IL,
KNOX,OH,
KNOX,TN,
KNOX,NE,
KNOX,MO,
KODIAK ISLAND,AK,
KOOCHICHING,MN,
KOOTENAI,ID,
KOSCIUSKO,IN,
KOSSUTH,IA,
LA CROSSE,WI,
LA PAZ,AZ,
LA PLATA,CO,
LA PORTE,IN,
LA SALLE,LA,
LA SALLE,TX,
LA SALLE,IL,
LABETTE,KS,
LAC QUI PARLE,MN,
LACKAWANNA,PA,
LACLEDE,MO,
LAFAYETTE,FL,
LAFAYETTE,WI,
LAFAYETTE,LA,
LAFAYETTE,AR,
LAFAYETTE,MS,
LAFAYETTE,MO,
LAFOURCHE,LA,
LAGRANGE,IN,
LAKE,FL,
LAKE,MT,
LAKE,IN,
LAKE,IL,
LAKE,MN,
LAKE,MI,
LAKE,SD,
LAKE,TN,
LAKE,CA,
LAKE,CO,
LAKE,OH,
LAKE,OR,
LAKE AND PENINSULA,AK,
LAKE OF THE WOODS,MN,
LAMAR,MS,
LAMAR,AL,
LAMAR,GA,
LAMAR,TX,
LAMB,TX,
LAMOILLE,VT,
LAMOURE,ND,
LAMPASAS,TX,
LANCASTER,PA,
LANCASTER,VA,
LANCASTER,SC,
LANCASTER,NE,
LANDER,NV,
LANE,OR,
LANE,KS,
LANGLADE,WI,
LANIER,GA,
LAPEER,MI,
LARAMIE,WY,
LARIMER,CO,
LARUE,KY,
LAS ANIMAS,CO,
LASSEN,CA,
LATAH,ID,
LATIMER,OK,
LAUDERDALE,MS,
LAUDERDALE,AL,
LAUDERDALE,TN,
LAUREL,KY,
LAURENS,SC,
LAURENS,GA,
LAVACA,TX,
LAWRENCE,MS,
LAWRENCE,MO,
LAWRENCE,IN,
LAWRENCE,AL,
LAWRENCE,AR,
LAWRENCE,KY,
LAWRENCE,IL,
LAWRENCE,TN,
LAWRENCE,PA,
LAWRENCE,SD,
LAWRENCE,OH,
LE FLORE,OK,
LE SUEUR,MN,
LEA,NM,
LEAKE,MS,
LEAVENWORTH,KS,
LEBANON,PA,
LEE,IA,
LEE,FL,
LEE,SC,
LEE,TX,
LEE,AR,
LEE,IL,
LEE,AL,
LEE,KY,
LEE,VA,
LEE,NC,
LEE,MS,
LEE,GA,
LEELANAU,MI,
LEFLORE,MS,
LEHIGH,PA,
LEMHI,ID,
LENAWEE,MI,
LENOIR,NC,
LEON,FL,
LEON,TX,
LESLIE,KY,
LETCHER,KY,
LEVY,FL,
LEWIS,WA,
LEWIS,ID,
LEWIS,KY,
LEWIS,NY,
LEWIS,WV,
LEWIS,MO,
LEWIS,TN,
LEWIS AND CLARK,MT,
LEXINGTON,SC,
LEXINGTON CITY,VA,
LIBERTY,FL,
LIBERTY,TX,
LIBERTY,MT,
LIBERTY,GA,
LICKING,OH,
LIMESTONE,TX,
LIMESTONE,AL,
LINCOLN,NC,
LINCOLN,WA,
LINCOLN,WY,
LINCOLN,MS,
LINCOLN,LA,
LINCOLN,ID,
LINCOLN,AR,
LINCOLN,WI,
LINCOLN,ME,
LINCOLN,MT,
LINCOLN,KY,
LINCOLN,KS,
LINCOLN,MN,
LINCOLN,NM,
LINCOLN,NV,
LINCOLN,TN,
LINCOLN,OK,
LINCOLN,SD,
LINCOLN,WV,
LINCOLN,GA,
LINCOLN,MO,
LINCOLN,NE,
LINCOLN,CO,
LINCOLN,OR,
LINN,IA,
LINN,KS,
LINN,MO,
LINN,OR,
LIPSCOMB,TX,
LITCHFIELD,CT,
LITTLE RIVER,AR,
LIVE OAK,TX,
LIVINGSTON,LA,
LIVINGSTON,IL,
LIVINGSTON,MI,
LIVINGSTON,KY,
LIVINGSTON,NY,
LIVINGSTON,MO,
LLANO,TX,
LOGAN,ND,
LOGAN,AR,
LOGAN,IL,
LOGAN,KS,
LOGAN,OK,
LOGAN,KY,
LOGAN,WV,
LOGAN,OH,
LOGAN,CO,
LOGAN,NE,
LONG,GA,
LONOKE,AR,
LORAIN,OH,
LOS ALAMOS,NM,
LOS ANGELES,CA,
LOUDON,TN,
LOUDOUN,VA,
LOUISA,IA,
LOUISA,VA,
LOUP,NE,
LOVE,OK,
LOVING,TX,
LOWNDES,MS,
LOWNDES,AL,
LOWNDES,GA,
LUBBOCK,TX,
LUCAS,IA,
LUCAS,OH,
LUCE,MI,
LUMPKIN,GA,
LUNA,NM,
LUNENBURG,VA,
LUZERNE,PA,
LYCOMING,PA,
LYMAN,SD,
LYNCHBURG CITY,VA,
LYNN,TX,
LYON,KS,
LYON,MN,
LYON,KY,
LYON,NV,
LYON,IA,
MACKINAC,MI,
MACOMB,MI,
MACON,NC,
MACON,AL,
MACON,IL,
MACON,TN,
MACON,GA,
MACON,MO,
MACOUPIN,IL,
MADERA,CA,
MADISON,MS,
MADISON,FL,
MADISON,IN,
MADISON,LA,
MADISON,NC,
MADISON,VA,
MADISON,ID,
MADISON,MT,
MADISON,KY,
MADISON,AL,
MADISON,AR,
MADISON,IL,
MADISON,GA,
MADISON,NY,
MADISON,OH,
MADISON,NE,
MADISON,IA,
MADISON,TN,
MADISON,MO,
MADISON,TX,
MAGOFFIN,KY,
MAHASKA,IA,
MAHNOMEN,MN,
MAHONING,OH,
MAJOR,OK,
MALHEUR,OR,
MANASSAS CITY,VA,
MANASSAS PARK CITY,VA,
MANATEE,FL,
MANISTEE,MI,
MANITOWOC,WI,
MARATHON,WI,
MARENGO,AL,
MARICOPA,AZ,
MARIES,MO,
MARIN,CA,
MARINETTE,WI,
MARION,FL,
MARION,IN,
MARION,MS,
MARION,KY,
MARION,KS,
MARION,AL,
MARION,SC,
MARION,AR,
MARION,TN,
MARION,IL,
MARION,OH,
MARION,IA,
MARION,MO,
MARION,WV,
MARION,OR,
MARION,TX,
MARION,GA,
MARIPOSA,CA,
MARLBORO,SC,
MARQUETTE,WI,
MARQUETTE,MI,
MARSHALL,IN,
MARSHALL,KS,
MARSHALL,AL,
MARSHALL,IL,
MARSHALL,TN,
MARSHALL,KY,
MARSHALL,OK,
MARSHALL,MN,
MARSHALL,IA,
MARSHALL,WV,
MARSHALL,SD,
MARSHALL,MS,
MARTIN,FL,
MARTIN,IN,
MARTIN,KY,
MARTIN,MN,
MARTIN,TX,
MARTIN,NC,
MARTINSVILLE CITY,VA,
MASON,WA,
MASON,TX,
MASON,KY,
MASON,IL,
MASON,MI,
MASON,WV,
MASSAC,IL,
MATAGORDA,TX,
MATANUSKA SUSITNA,AK,
MATHEWS,VA,
MAUI,HI,
MAURY,TN,
MAVERICK,TX,
MAYES,OK,
MCCLAIN,OK,
MCCONE,MT,
MCCOOK,SD,
MCCORMICK,SC,
MCCRACKEN,KY,
MCCREARY,KY,
MCCULLOCH,TX,
MCCURTAIN,OK,
MCDONALD,MO,
MCDONOUGH,IL,
MCDOWELL,NC,
MCDOWELL,WV,
MCDUFFIE,GA,
MCHENRY,ND,
MCHENRY,IL,
MCINTOSH,ND,
MCINTOSH,OK,
MCINTOSH,GA,
MCKEAN,PA,
MCKENZIE,ND,
MCKINLEY,NM,
MCLEAN,ND,
MCLEAN,IL,
MCLEAN,KY,
MCLENNAN,TX,
MCLEOD,MN,
MCMINN,TN,
MCMULLEN,TX,
MCNAIRY,TN,
MCPHERSON,KS,
MCPHERSON,SD,
MCPHERSON,NE,
MEADE,KY,
MEADE,KS,
MEADE,SD,
MEAGHER,MT,
MECKLENBURG,NC,
MECKLENBURG,VA,
MECOSTA,MI,
MEDINA,TX,
MEDINA,OH,
MEEKER,MN,
MEIGS,OH,
MEIGS,TN,
MELLETTE,SD,
MENARD,TX,
MENARD,IL,
MENDOCINO,CA,
MENIFEE,KY,
MENOMINEE,WI,
MENOMINEE,MI,
MERCED,CA,
MERCER,MO,
MERCER,ND,
MERCER,KY,
MERCER,IL,
MERCER,NJ,
MERCER,WV,
MERCER,PA,
MERCER,OH,
MERIWETHER,GA,
MERRICK,NE,
MERRIMACK,NH,
MESA,CO,
METCALFE,KY,
MIAMI,IN,
MIAMI,KS,
MIAMI,OH,
MIAMI DADE,FL,
MIDDLESEX,MA,
MIDDLESEX,VA,
MIDDLESEX,CT,
MIDDLESEX,NJ,
MIDLAND,MI,
MIDLAND,TX,
MIFFLIN,PA,
MILAM,TX,
MILLARD,UT,
MILLE LACS,MN,
MILLER,MO,
MILLER,AR,
MILLS,TX,
MILLS,IA,
MILWAUKEE,WI,
MINER,SD,
MINERAL,MT,
MINERAL,NV,
MINERAL,WV,
MINERAL,CO,
MINGO,WV,
MINIDOKA,ID,
MINNEHAHA,SD,
MISSAUKEE,MI,
MISSISSIPPI,AR,
MISSISSIPPI,MO,
MISSOULA,MT,
MITCHELL,NC,
MITCHELL,KS,
MITCHELL,TX,
MITCHELL,IA,
MITCHELL,GA,
MOBILE,AL,
MODOC,CA,
MOFFAT,CO,
MOHAVE,AZ,
MOHAVE,CO,
MONITEAU,MO,
MONMOUTH,NJ,
MONO,CA,
MONONA,IA,
MONONGALIA,WV,
MONROE,PA,
MONROE,FL,
MONROE,IN,
MONROE,WI,
MONROE,AR,
MONROE,MI,
MONROE,AL,
MONROE,KY,
MONROE,IL,
MONROE,TN,
MONROE,WV,
MONROE,GA,
MONROE,NY,
MONROE,IA,
MONROE,OH,
MONROE,MO,
MONROE,MS,
MONTAGUE,TX,
MONTCALM,MI,
MONTEREY,CA,
MONTEZUMA,CO,
MONTGOMERY,PA,
MONTGOMERY,MD,
MONTGOMERY,OH,
MONTGOMERY,TX,
MONTGOMERY,KY,
MONTGOMERY,AR,
MONTGOMERY,IN,
MONTGOMERY,AL,
MONTGOMERY,KS,
MONTGOMERY,VA,
MONTGOMERY,GA,
MONTGOMERY,TN,
MONTGOMERY,IL,
MONTGOMERY,NY,
MONTGOMERY,MO,
MONTGOMERY,NC,
MONTGOMERY,IA,
MONTGOMERY,MS,
MONTMORENCY,MI,
MONTOUR,PA,
MONTROSE,CO,
MOODY,SD,
MOORE,TX,
MOORE,TN,
MOORE,NC,
MORA,NM,
MOREHOUSE,LA,
MORGAN,MO,
MORGAN,IN,
MORGAN,UT,
MORGAN,AL,
MORGAN,KY,
MORGAN,GA,
MORGAN,IL,
MORGAN,TN,
MORGAN,WV,
MORGAN,OH,
MORGAN,CO,
MORRILL,NE,
MORRIS,KS,
MORRIS,NJ,
MORRIS,TX,
MORRISON,MN,
MORROW,OR,
MORROW,OH,
MORTON,ND,
MORTON,KS,
MOTLEY,TX,
MOULTRIE,IL,
MOUNTRAIL,ND,
MOWER,MN,
MUHLENBERG,KY,
MULTNOMAH,OR,
MURRAY,MN,
MURRAY,OK,
MURRAY,GA,
MUSCATINE,IA,
MUSCOGEE,GA,
MUSKEGON,MI,
MUSKINGUM,OH,
MUSKOGEE,OK,
MUSSELSHELL,MT,
NACOGDOCHES,TX,
NANCE,NE,
NANTUCKET,MA,
NAPA,CA,
NASH,NC,
NASSAU,FL,
NASSAU,NY,
NATCHITOCHES,LA,
NATRONA,WY,
NAVAJO,AZ,
NAVARRO,TX,
NELSON,KY,
NELSON,VA,
NELSON,ND,
NEMAHA,KS,
NEMAHA,NE,
NEOSHO,KS,
NESHOBA,MS,
NESS,KS,
NEVADA,AR,
NEVADA,CA,
NEW CASTLE,DE,
NEW HANOVER,NC,
NEW HAVEN,CT,
NEW KENT,VA,
NEW LONDON,CT,
NEW MADRID,MO,
NEW YORK,NY,
NEWAYGO,MI,
NEWBERRY,SC,
NEWPORT,RI,
NEWPORT NEWS CITY,VA,
NEWTON,MS,
NEWTON,MO,
NEWTON,IN,
NEWTON,GA,
NEWTON,AR,
NEWTON,TX,
NEZ PERCE,ID,
NIAGARA,NY,
NICHOLAS,KY,
NICHOLAS,WV,
NICOLLET,MN,
NIOBRARA,WY,
NOBLE,IN,
NOBLE,OK,
NOBLE,OH,
NOBLES,MN,
NODAWAY,MO,
NOLAN,TX,
NOME,AK,
NORFOLK,MA,
NORFOLK CITY,VA,
NORMAN,MN,
NORTH SLOPE,AK,
NORTHAMPTON,VA,
NORTHAMPTON,NC,
NORTHAMPTON,PA,
NORTHUMBERLAND,VA,
NORTHUMBERLAND,PA,
NORTHWEST ARCTIC,AK,
NORTON,KS,
NORTON CITY,VA,
NOTTOWAY,VA,
NOWATA,OK,
NOXUBEE,MS,
NUCKOLLS,NE,
NUECES,TX,
NYE,NV,
OAKLAND,MI,
OBION,TN,
OBRIEN,IA,
OCEAN,NJ,
OCEANA,MI,
OCHILTREE,TX,
OCONEE,SC,
OCONEE,GA,
OCONTO,WI,
OGEMAW,MI,
OGLE,IL,
OGLETHORPE,GA,
OHIO,IN,
OHIO,KY,
OHIO,WV,
OKALOOSA,FL,
OKANOGAN,WA,
OKEECHOBEE,FL,
OKFUSKEE,OK,
OKLAHOMA,OK,
OKMULGEE,OK,
OKTIBBEHA,MS,
OLDHAM,KY,
OLDHAM,TX,
OLIVER,ND,
OLMSTED,MN,
ONEIDA,ID,
ONEIDA,WI,
ONEIDA,NY,
ONONDAGA,NY,
ONSLOW,NC,
ONTARIO,NY,
ONTONAGON,MI,
ORANGE,FL,
ORANGE,VA,
ORANGE,TX,
ORANGE,IN,
ORANGE,VT,
ORANGE,NY,
ORANGE,CA,
ORANGE,NC,
ORANGEBURG,SC,
OREGON,MO,
ORLEANS,VT,
ORLEANS,NY,
ORLEANS,LA,
OSAGE,MO,
OSAGE,KS,
OSAGE,OK,
OSBORNE,KS,
OSCEOLA,FL,
OSCEOLA,MI,
OSCEOLA,IA,
OSCODA,MI,
OSWEGO,NY,
OTERO,NM,
OTERO,CO,
OTOE,NE,
OTSEGO,NY,
OTSEGO,MI,
OTTAWA,KS,
OTTAWA,MI,
OTTAWA,OK,
OTTAWA,OH,
OTTER TAIL,MN,
OUACHITA,LA,
OUACHITA,AR,
OURAY,CO,
OUTAGAMIE,WI,
OVERTON,TN,
OWEN,IN,
OWEN,KY,
OWSLEY,KY,
OWYHEE,ID,
OXFORD,ME,
OZARK,MO,
OZAUKEE,WI,
PACIFIC,WA,
PAGE,VA,
PAGE,IA,
PALM BEACH,FL,
PALO ALTO,IA,
PALO PINTO,TX,
PAMLICO,NC,
PANOLA,MS,
PANOLA,TX,
PARK,WY,
PARK,MT,
PARK,CO,
PARKE,IN,
PARKER,TX,
PARMER,TX,
PASCO,FL,
PASQUOTANK,NC,
PASSAIC,NJ,
PATRICK,VA,
PAULDING,OH,
PAULDING,GA,
PAWNEE,KS,
PAWNEE,NE,
PAWNEE,OK,
PAYETTE,ID,
PAYNE,OK,
PEACH,GA,
PEARL RIVER,MS,
PECOS,TX,
PEMBINA,ND,
PEMISCOT,MO,
PEND OREILLE,WA,
PENDER,NC,
PENDLETON,KY,
PENDLETON,WV,
PENNINGTON,MN,
PENNINGTON,SD,
PENOBSCOT,ME,
PEORIA,IL,
PEPIN,WI,
PERKINS,SD,
PERKINS,NE,
PERQUIMANS,NC,
PERRY,MS,
PERRY,IN,
PERRY,AR,
PERRY,KY,
PERRY,AL,
PERRY,TN,
PERRY,IL,
PERRY,OH,
PERRY,MO,
PERRY,PA,
PERSHING,NV,
PERSON,NC,
PETERSBURG CITY,VA,
PETROLEUM,MT,
PETTIS,MO,
PHELPS,MO,
PHELPS,GA,
PHELPS,NE,
PHILADELPHIA,PA,
PHILLIPS,MT,
PHILLIPS,AR,
PHILLIPS,KS,
PHILLIPS,CO,
PIATT,IL,
PICKAWAY,OH,
PICKENS,AL,
PICKENS,SC,
PICKENS,GA,
PICKETT,TN,
PIERCE,ND,
PIERCE,WA,
PIERCE,WI,
PIERCE,NE,
PIERCE,GA,
PIKE,PA,
PIKE,MS,
PIKE,AR,
PIKE,IN,
PIKE,AL,
PIKE,GA,
PIKE,KY,
PIKE,IL,
PIKE,MO,
PIKE,OH,
PIMA,AZ,
PINAL,AZ,
PINE,MN,
PINELLAS,FL,
PIPESTONE,MN,
PISCATAGUIS,ME,
PISCATAQUIS,ME,
PITKIN,CO,
PITT,NC,
PITTSBURG,OK,
PITTSYLVANIA,VA,
PIUTE,UT,
PLACER,CA,
PLAQUEMINES,LA,
PLATTE,WY,
PLATTE,NE,
PLATTE,MO,
PLEASANTS,WV,
PLUMAS,CA,
PLYMOUTH,MA,
PLYMOUTH,IA,
POCAHONTAS,WV,
POCAHONTAS,IA,
POINSETT,AR,
POINTE COUPEE,LA,
POLK,MO,
POLK,IA,
POLK,WI,
POLK,FL,
POLK,NC,
POLK,DC,
POLK,AR,
POLK,GA,
POLK,TN,
POLK,MN,
POLK,NE,
POLK,OR,
POLK,TX,
PONDERA,MT,
PONTOTOC,OK,
PONTOTOC,MS,
POPE,AR,
POPE,MN,
POPE,IL,
POQUOSON CITY,VA,
PORTAGE,WI,
PORTAGE,OH,
PORTER,IN,
PORTSMOUTH CITY,VA,
POSEY,IN,
POTTAWATOMIE,KS,
POTTAWATOMIE,OK,
POTTAWATTAMIE,IA,
POTTER,TX,
POTTER,SD,
POTTER,PA,
POWDER RIVER,MT,
POWELL,KY,
POWELL,MT,
POWER,ID,
POWESHIEK,IA,
POWHATAN,VA,
PRAIRIE,MT,
PRAIRIE,AR,
PRATT,KS,
PREBLE,OH,
PRENTISS,MS,
PRESIDIO,TX,
PRESQUE ISLE,MI,
PRESTON,WV,
PRICE,WI,
PRINCE EDWARD,VA,
PRINCE GEORGE,VA,
PRINCE GEORGES,MD,
PRINCE WALES KETCHIKAN,AK,
PRINCE WILLIAM,VA,
PROVIDENCE,RI,
PROWERS,CO,
PUEBLO,CO,
PULASKI,MO,
PULASKI,IN,
PULASKI,AR,
PULASKI,VA,
PULASKI,KY,
PULASKI,IL,
PULASKI,GA,
PUSHMATAHA,OK,
PUTNAM,OH,
PUTNAM,IN,
PUTNAM,IL,
PUTNAM,NY,
PUTNAM,WV,
PUTNAM,GA,
PUTNAM,TN,
PUTNAM,MO,
PUTNAM,FL,
QUAY,NM,
QUEEN ANNES,MD,
QUEENS,NY,
QUITMAN,GA,
QUITMAN,MS,
RABUN,GA,
RACINE,WI,
RAINS,TX,
RALEIGH,WV,
RALLS,MO,
RAMSEY,MN,
RAMSEY,ND,
RANDALL,TX,
RANDOLPH,MO,
RANDOLPH,GA,
RANDOLPH,IN,
RANDOLPH,AL,
RANDOLPH,AR,
RANDOLPH,IL,
RANDOLPH,WV,
RANDOLPH,NC,
RANKIN,MS,
RANSOM,ND,
RAPIDES,LA,
RAPPAHANNOCK,VA,
RAVALLI,MT,
RAWLINS,KS,
RAY,MO,
REAGAN,TX,
REAL,TX,
RED LAKE,MN,
RED RIVER,LA,
RED RIVER,TX,
RED WILLOW,NE,
REDWOOD,MN,
REEVES,TX,
REFUGIO,TX,
RENO,KS,
RENSSELAER,NY,
RENVILLE,ND,
RENVILLE,MN,
REPUBLIC,KS,
REYNOLDS,MO,
RHEA,TN,
RICE,MN,
RICE,KS,
RICH,UT,
RICHARDSON,NE,
RICHLAND,LA,
RICHLAND,WI,
RICHLAND,MT,
RICHLAND,SC,
RICHLAND,IL,
RICHLAND,OH,
RICHLAND,ND,
RICHMOND,NC,
RICHMOND,VA,
RICHMOND,NY,
RICHMOND,GA,
RICHMOND CITY,VA,
RILEY,KS,
RINGGOLD,IA,
RIO ARRIBA,NM,
RIO BLANCO,CO,
RIO GRANDE,CO,
RIPLEY,IN,
RIPLEY,MO,
RITCHIE,WV,
RIVERSIDE,CA,
ROANE,WV,
ROANE,TN,
ROANOKE,VA,
ROANOKE CITY,VA,
ROBERTS,TX,
ROBERTS,SD,
ROBERTSON,TX,
ROBERTSON,KY,
ROBERTSON,TN,
ROBESON,NC,
ROCK,WI,
ROCK,MN,
ROCK,NE,
ROCK ISLAND,IL,
ROCKBRIDGE,VA,
ROCKCASTLE,KY,
ROCKDALE,GA,
ROCKINGHAM,VA,
ROCKINGHAM,NH,
ROCKINGHAM,NC,
ROCKLAND,NY,
ROCKWALL,TX,
ROGER MILLS,OK,
ROGERS,OK,
ROLETTE,ND,
ROOKS,KS,
ROOSEVELT,MT,
ROOSEVELT,NM,
ROSCOMMON,MI,
ROSEAU,MN,
ROSEBUD,MT,
ROSS,OH,
ROUTT,CO,
ROWAN,KY,
ROWAN,NC,
RUNNELS,TX,
RUSH,IN,
RUSH,KS,
RUSK,WI,
RUSK,TX,
RUSSELL,KS,
RUSSELL,AL,
RUSSELL,VA,
RUSSELL,KY,
RUTHERFORD,NC,
RUTHERFORD,TN,
RUTLAND,VT,
SABINE,LA,
SABINE,TX,
SAC,IA,
SACRAMENTO,CA,
SAGADAHOC,ME,
SAGINAW,MI,
SAGUACHE,CO,
SAINT BERNARD,LA,
SAINT CHARLES,MO,
SAINT CHARLES,LA,
SAINT CLAIR,MO,
SAINT CLAIR,AL,
SAINT CLAIR,MI,
SAINT CLAIR,IL,
SAINT CROIX,WI,
SAINT FRANCIS,AR,
SAINT FRANCOIS,MO,
SAINT HELENA,LA,
SAINT JAMES,LA,
SAINT JOHNS,FL,
SAINT JOSEPH,MI,
SAINT LANDRY,LA,
SAINT LAWRENCE,NY,
SAINT LOUIS,MN,
SAINT LOUIS,MO,
SAINT LOUIS CITY,MO,
SAINT LUCIE,FL,
SAINT MARTIN,LA,
SAINT MARY,LA,
SAINT MARYS,MD,
SAINT TAMMANY,LA,
SAINTE GENEVIEVE,MO,
SALEM,VA,
SALEM,NJ,
SALINE,MO,
SALINE,AR,
SALINE,KS,
SALINE,NE,
SALINE,IL,
SALT LAKE,UT,
SALUDA,SC,
SAMPSON,NC,
SAN AUGUSTINE,TX,
SAN BENITO,CA,
SAN BERNARDINO,CA,
SAN DIEGO,CA,
SAN FRANCISCO,CA,
SAN JACINTO,TX,
SAN JOAQUIN,CA,
SAN JUAN,CO,
SAN JUAN,WA,
SAN JUAN,UT,
SAN JUAN,NM,
SAN LUIS OBISPO,CA,
SAN MATEO,CA,
SAN MIGUEL,CO,
SAN MIGUEL,NM,
SAN PATRICIO,TX,
SAN SABA,TX,
SANBORN,SD,
SANDERS,MT,
SANDOVAL,NM,
SANDUSKY,OH,
SANGAMON,IL,
SANILAC,MI,
SANPETE,UT,
SANTA BARBARA,CA,
SANTA CLARA,CA,
SANTA CRUZ,AZ,
SANTA CRUZ,CA,
SANTA FE,NM,
SANTA ROSA,FL,
SARASOTA,FL,
SARATOGA,NY,
SARGENT,ND,
SARPY,NE,
SAUK,WI,
SAUNDERS,NE,
SAWYER,WI,
SCHENECTADY,NY,
SCHLEICHER,TX,
SCHLEY,GA,
SCHOHARIE,NY,
SCHOOLCRAFT,MI,
SCHUYLER,IL,
SCHUYLER,NY,
SCHUYLER,MO,
SCHUYLKILL,PA,
SCIOTO,OH,
SCOTLAND,NC,
SCOTLAND,MO,
SCOTT,MS,
SCOTT,IA,
SCOTT,IN,
SCOTT,KY,
SCOTT,MN,
SCOTT,AR,
SCOTT,VA,
SCOTT,KS,
SCOTT,IL,
SCOTT,TN,
SCOTT,MO,
SCOTTS BLUFF,NE,
SCREVEN,GA,
SCURRY,TX,
SEARCY,AR,
SEBASTIAN,AR,
SEDGWICK,KS,
SEDGWICK,CO,
SEMINOLE,FL,
SEMINOLE,GA,
SEMINOLE,OK,
SENECA,NY,
SENECA,OH,
SEQUATCHIE,TN,
SEQUOYAH,OK,
SEVIER,AR,
SEVIER,UT,
SEVIER,TN,
SEWARD,KS,
SEWARD,NE,
SHACKELFORD,TX,
SHANNON,MO,
SHANNON,SD,
SHARKEY,MS,
SHARP,AR,
SHASTA,CA,
SHAWANO,WI,
SHAWNEE,KS,
SHEBOYGAN,WI,
SHELBY,MO,
SHELBY,IA,
SHELBY,IN,
SHELBY,KY,
SHELBY,AL,
SHELBY,IL,
SHELBY,TN,
SHELBY,OH,
SHELBY,TX,
SHENANDOAH,VA,
SHERBURNE,MN,
SHERIDAN,ND,
SHERIDAN,WY,
SHERIDAN,MT,
SHERIDAN,KS,
SHERIDAN,NE,
SHERMAN,KS,
SHERMAN,TX,
SHERMAN,NE,
SHERMAN,OR,
SHIAWASSEE,MI,
SHOSHONE,ID,
SIBLEY,MN,
SIERRA,NM,
SIERRA,CA,
SILVER BOW,MT,
SIMPSON,MS,
SIMPSON,KY,
SIOUX,ND,
SIOUX,IA,
SIOUX,NE,
SISKIYOU,CA,
SITKA,AK,
SKAGIT,WA,
SKAGWAY HOONAH ANGOON,AK,
SKAMANIA,WA,
SLOPE,ND,
SMITH,MS,
SMITH,KS,
SMITH,TN,
SMITH,TX,
SMYTH,VA,
SNOHOMISH,WA,
SNYDER,PA,
SOCORRO,NM,
SOLANO,CA,
SOMERSET,MD,
SOMERSET,ME,
SOMERSET,NJ,
SOMERSET,PA,
SOMERVELL,TX,
SONOMA,CA,
SOUTHAMPTON,VA,
SOUTHEAST FAIRBANKS,AK,
SPALDING,GA,
SPARTANBURG,SC,
SPENCER,KY,
SPENCER,IN,
SPINK,SD,
SPOKANE,WA,
SPOTSYLVANIA,VA,
ST JOHN THE BAPTIST,LA,
ST JOSEPH,IN,
STAFFORD,VA,
STAFFORD,KS,
STANISLAUS,CA,
STANLEY,SD,
STANLY,NC,
STANTON,KS,
STANTON,NE,
STARK,ND,
STARK,IL,
STARK,OH,
STARKE,IN,
STARR,TX,
STAUNTON CITY,VA,
STEARNS,MN,
STEELE,MN,
STEELE,ND,
STEPHENS,TX,
STEPHENS,OK,
STEPHENS,GA,
STEPHENSON,IL,
STERLING,TX,
STEUBEN,IN,
STEUBEN,NY,
STEVENS,WA,
STEVENS,MN,
STEVENS,KS,
STEWART,TN,
STEWART,GA,
STILLWATER,MT,
STODDARD,MO,
STOKES,NC,
STONE,MS,
STONE,MO,
STONE,AR,
STONEWALL,TX,
STOREY,NV,
STORY,IA,
STRAFFORD,NH,
STUTSMAN,ND,
SUBLETTE,WY,
SUFFOLK,NY,
SUFFOLK,MA,
SUFFOLK CITY,VA,
SULLIVAN,NH,
SULLIVAN,IN,
SULLIVAN,NY,
SULLIVAN,TN,
SULLIVAN,MO,
SULLIVAN,PA,
SULLY,SD,
SUMMERS,WV,
SUMMIT,UT,
SUMMIT,CO,
SUMMIT,OH,
SUMNER,KS,
SUMNER,TN,
SUMTER,FL,
SUMTER,SC,
SUMTER,AL,
SUMTER,GA,
SUNFLOWER,MS,
SURRY,VA,
SURRY,NC,
SUSQUEHANNA,PA,
SUSSEX,DE,
SUSSEX,VA,
SUSSEX,NJ,
SUTTER,CA,
SUTTON,TX,
SUWANNEE,FL,
SWAIN,NC,
SWEET GRASS,MT,
SWEETWATER,WY,
SWIFT,MN,
SWISHER,TX,
SWITZERLAND,IN,
TALBOT,MD,
TALBOT,GA,
TALIAFERRO,GA,
TALLADEGA,AL,
TALLAHATCHIE,MS,
TALLAPOOSA,AL,
TAMA,IA,
TANEY,MO,
TANGIPAHOA,LA,
TAOS,NM,
TARRANT,TX,
TATE,MS,
TATTNALL,GA,
TAYLOR,FL,
TAYLOR,WI,
TAYLOR,KY,
TAYLOR,TX,
TAYLOR,GA,
TAYLOR,WV,
TAYLOR,IA,
TAZEWELL,IL,
TAZEWELL,VA,
TEHAMA,CA,
TELFAIR,GA,
TELLER,CO,
TENSAS,LA,
TERREBONNE,LA,
TERRELL,GA,
TERRELL,TX,
TERRY,TX,
TETON,WY,
TETON,ID,
TETON,MT,
TEXAS,MO,
TEXAS,OK,
THAYER,NE,
THOMAS,KS,
THOMAS,GA,
THOMAS,NE,
THROCKMORTON,TX,
THURSTON,WA,
THURSTON,NE,
TIFT,GA,
TILLAMOOK,OR,
TILLMAN,OK,
TIOGA,NY,
TIOGA,PA,
TIPPAH,MS,
TIPPECANOE,IN,
TIPTON,IN,
TIPTON,TN,
TISHOMINGO,MS,
TITUS,TX,
TODD,KY,
TODD,MN,
TODD,SD,
TOLLAND,CT,
TOM GREEN,TX,
TOMPKINS,NY,
TOOELE,UT,
TOOLE,MT,
TOOMBS,GA,
TORRANCE,NM,
TOWNER,ND,
TOWNS,GA,
TRAILL,ND,
TRANSYLVANIA,NC,
TRAVERSE,MN,
TRAVIS,TX,
TREASURE,MT,
TREGO,KS,
TREMPEALEAU,WI,
TREUTLEN,GA,
TRIGG,KY,
TRIMBLE,KY,
TRINITY,CA,
TRINITY,TX,
TRIPP,SD,
TROUP,GA,
TROUSDALE,TN,
TRUMBULL,OH,
TUCKER,WV,
TULARE,CA,
TULSA,OK,
TUNICA,MS,
TUOLUMNE,CA,
TURNER,SD,
TURNER,GA,
TUSCALOOSA,AL,
TUSCARAWAS,OH,
TUSCOLA,MI,
TWIGGS,GA,
TWIN FALLS,ID,
TYLER,WV,
TYLER,TX,
TYRRELL,NC,
UINTA,WY,
UINTAH,UT,
ULSTER,NY,
UMATILLA,OR,
UNICOI,TN,
UNION,OR,
UNION,FL,
UNION,NC,
UNION,LA,
UNION,IN,
UNION,AR,
UNION,SC,
UNION,NJ,
UNION,NM,
UNION,GA,
UNION,KY,
UNION,SD,
UNION,OH,
UNION,IL,
UNION,TN,
UNION,IA,
UNION,MS,
UNION,PA,
UPSHUR,WV,
UPSHUR,TX,
UPSON,GA,
UPTON,TX,
UTAH,UT,
UVALDE,TX,
VAL VERDE,TX,
VALDEZ CORDOVA,AK,
VALENCIA,NM,
VALLEY,MT,
VALLEY,ID,
VALLEY,NE,
VAN BUREN,IA,
VAN BUREN,AR,
VAN BUREN,MI,
VAN BUREN,TN,
VAN WERT,OH,
VAN ZANDT,TX,
VANCE,NC,
VANDERBURGH,IN,
VENANGO,PA,
VENTURA,CA,
VERMILION,LA,
VERMILION,IL,
VERMILLION,IN,
VERNON,MO,
VERNON,LA,
VERNON,WI,
VICTORIA,TX,
VIGO,IN,
VILAS,WI,
VINTON,OH,
VIRGINIA BEACH CITY,VA,
VOLUSIA,FL,
WABASH,IN,
WABASH,IL,
WABASHA,MN,
WABAUNSEE,KS,
WADE HAMPTON,AK,
WADENA,MN,
WAGONER,OK,
WAHKIAKUM,WA,
WAKE,NC,
WAKULLA,FL,
WALDO,ME,
WALKER,TX,
WALKER,AL,
WALKER,GA,
WALLA WALLA,WA,
WALLACE,KS,
WALLER,TX,
WALLOWA,OR,
WALSH,ND,
WALTHALL,MS,
WALTON,FL,
WALTON,GA,
WALWORTH,WI,
WALWORTH,SD,
WAPELLO,IA,
WARD,ND,
WARD,TX,
WARE,GA,
WARREN,MS,
WARREN,VA,
WARREN,IN,
WARREN,IL,
WARREN,NJ,
WARREN,KY,
WARREN,TN,
WARREN,NY,
WARREN,GA,
WARREN,IA,
WARREN,MO,
WARREN,PA,
WARREN,OH,
WARREN,NC,
WARRICK,IN,
WASATCH,UT,
WASCO,OR,
WASECA,MN,
WASHAKIE,WY,
WASHBURN,WI,
WASHINGTON,OH,
WASHINGTON,IA,
WASHINGTON,NC,
WASHINGTON,LA,
WASHINGTON,WI,
WASHINGTON,FL,
WASHINGTON,MD,
WASHINGTON,IN,
WASHINGTON,KY,
WASHINGTON,ID,
WASHINGTON,RI,
WASHINGTON,TX,
WASHINGTON,KS,
WASHINGTON,MN,
WASHINGTON,ME,
WASHINGTON,UT,
WASHINGTON,VT,
WASHINGTON,AR,
WASHINGTON,AL,
WASHINGTON,VA,
WASHINGTON,IL,
WASHINGTON,NE,
WASHINGTON,NY,
WASHINGTON,TN,
WASHINGTON,OK,
WASHINGTON,GA,
WASHINGTON,MO,
WASHINGTON,PA,
WASHINGTON,CO,
WASHINGTON,OR,
WASHINGTON,MS,
WASHITA,OK,
WASHOE,NV,
WASHTENAW,MI,
WATAUGA,NC,
WATONWAN,MN,
WAUKESHA,WI,
WAUPACA,WI,
WAUSHARA,WI,
WAYNE,PA,
WAYNE,MS,
WAYNE,IN,
WAYNE,UT,
WAYNE,MI,
WAYNE,IL,
WAYNE,KY,
WAYNE,NY,
WAYNE,WV,
WAYNE,IA,
WAYNE,NE,
WAYNE,TN,
WAYNE,GA,
WAYNE,MO,
WAYNE,OH,
WAYNE,NC,
WAYNESBORO CITY,VA,
WEAKLEY,TN,
WEBB,TX,
WEBER,UT,
WEBSTER,LA,
WEBSTER,MS,
WEBSTER,MO,
WEBSTER,KY,
WEBSTER,WV,
WEBSTER,NE,
WEBSTER,IA,
WEBSTER,GA,
WELD,CO,
WELLS,ND,
WELLS,IN,
WEST BATON ROUGE,LA,
WEST CARROLL,LA,
WEST FELICIANA,LA,
WESTCHESTER,NY,
WESTMORELAND,VA,
WESTMORELAND,PA,
WESTON,WY,
WETZEL,WV,
WEXFORD,MI,
WHARTON,TX,
WHATCOM,WA,
WHEATLAND,MT,
WHEELER,TX,
WHEELER,GA,
WHEELER,NE,
WHEELER,OR,
WHITE,AR,
WHITE,IN,
WHITE,GA,
WHITE,IL,
WHITE,TN,
WHITE PINE,NV,
WHITESIDE,IL,
WHITFIELD,GA,
WHITLEY,IN,
WHITLEY,KY,
WHITMAN,WA,
WIBAUX,MT,
WICHITA,TX,
WICHITA,KS,
WICOMICO,MD,
WILBARGER,TX,
WILCOX,AL,
WILCOX,GA,
WILKES,NC,
WILKES,GA,
WILKIN,MN,
WILKINSON,MS,
WILKINSON,GA,
WILL,IL,
WILLACY,TX,
WILLIAMS,ND,
WILLIAMS,OH,
WILLIAMSBURG,SC,
WILLIAMSBURG CITY,VA,
WILLIAMSON,TX,
WILLIAMSON,TN,
WILLIAMSON,IL,
WILSON,KS,
WILSON,TX,
WILSON,TN,
WILSON,NC,
WINCHESTER CITY,VA,
WINDHAM,VT,
WINDHAM,CT,
WINDSOR,VT,
WINKLER,TX,
WINN,LA,
WINNEBAGO,WI,
WINNEBAGO,IL,
WINNEBAGO,IA,
WINNESHIEK,IA,
WINONA,MN,
WINSTON,MS,
WINSTON,AL,
WIRT,WV,
WISE,TX,
WISE,VA,
WOLFE,KY,
WOOD,WI,
WOOD,WV,
WOOD,OH,
WOOD,TX,
WOODBURY,IA,
WOODFORD,KY,
WOODFORD,IL,
WOODRUFF,AR,
WOODS,OK,
WOODSON,KS,
WOODWARD,OK,
WORCESTER,MD,
WORCESTER,MA,
WORTH,IA,
WORTH,GA,
WORTH,MO,
WRANGELL PETERSBURG,AK,
WRIGHT,MO,
WRIGHT,MN,
WRIGHT,IA,
WYANDOT,OH,
WYANDOTTE,KS,
WYOMING,PA,
WYOMING,WV,
WYOMING,NY,
WYTHE,VA,
YADKIN,NC,
YAKIMA,WA,
YAKUTAT,AK,
YALOBUSHA,MS,
YAMHILL,OR,
YANCEY,NC,
YANKTON,SD,
YATES,NY,
YAVAPAI,AZ,
YAZOO,MS,
YELL,AR,
YELLOW MEDICINE,MN,
YELLOWSTONE,MT,
YOAKUM,TX,
YOLO,CA,
YORK,PA,
YORK,ME,
YORK,VA,
YORK,SC,
YORK,NE,
YOUNG,TX,
YUBA,CA,
YUKON KOYUKUK,AK,
YUMA,AZ,
YUMA,CO,
ZAPATA,TX,
ZAVALA,TX,
ZIEBACH,SD,
